first_name,city,phone
James_Butt,New_Orleans,504-845-1427
Josephine_DarakjyBrighton,810-292-9388
Art,Venere_Chemel_James_L_Cpa,NJ,856-264-4130
Lenna_Paprocki,Anchorage,907-921-2010
Donette_Foller,Hamilton_Butler,513-549-4561
Simona_Morasca,Ashland,419-800-6759
Mitsue_Tollner,Cook,773-924-8565
Leota_Dilliard,Santa_Clara,408-813-1105
Sage_Wieser,Minnehaha,605-794-4895
Kris_Marrier,Baltimore,410-804-4694
Minna_Amigon,Kulpsville,215-422-8694
Abel_Maclead,Suffolk,631-677-3675
Kiley_Caldarera,Los_Angeles,310-254-3084
Graciela_Ruta,Chagrin_Falls,440-579-7763
Cammy_Albares,Laredo,956-841-7216
Mattie_Poquette,Maricopa,602-953-6360
Meaghan_Garufi,Minnville_Warren,931-235-7959
Gladys_Rim,Milwaukee,414-377-2880
Yuki_Whobrey,Taylor,313-341-4470
Fletcher_Flosi,Rockford,815-426-5657
Bette_Nicka,Aston_Delaware,610-492-4643
Veronika_Inouye,Santa_Clara,408-813-4592
Willard_Kolmetz,Dallas,972-896-4882
Maryann_Royster,Albany,518-448-8982
Alisha_Slusarski,Middlesex,732-635-3453
Allene_Iturbide,Portage,715-530-9863
Chanel_Caudy,Johnson,913-899-1103
Ezekiel_Chui,Easton,Talbot,410-235-8738
Willow_Kusko,New_York,212-934-5167
